age,temperature,heart_rate,oxygen_level,systolic_bp,diastolic_bp,pain_level,fatigue_level,appetite_level,fever,nausea,vomiting,breathing_difficulty,bleeding,infection_signs,missed_med_24h,missed_appt_30d,emergency_30d,risk_category
85,36.4,95,92,118,58,1,10,8,0,0,1,1,0,0,1,0,2,emergency
57,38.5,129,98,118,78,9,4,0,1,0,1,0,0,0,2,0,0,high
69,36.3,104,93,95,96,7,8,1,0,1,0,0,0,0,4,2,2,medium
57,38.5,65,92,127,55,3,1,6,1,1,1,0,0,0,2,2,0,medium
87,36.9,69,90,158,96,3,2,7,0,1,1,0,0,0,4,1,2,high
65,38.9,67,92,94,101,5,6,4,1,0,0,0,0,0,1,3,1,medium
86,37.6,93,89,121,97,8,8,4,0,1,1,1,0,0,1,3,0,emergency
48,39.0,79,90,177,77,9,1,6,1,1,1,0,0,0,0,0,2,high
79,38.6,103,88,127,77,2,7,0,1,1,0,1,0,0,0,2,2,emergency
77,38.1,79,96,110,84,8,0,9,1,1,1,1,0,0,2,1,0,emergency
60,39.1,70,87,152,102,1,8,2,1,0,1,1,0,0,1,2,2,emergency
83,37.5,87,91,129,75,10,10,5,0,1,1,0,0,0,2,0,2,high
80,36.8,88,85,99,95,10,0,3,0,0,0,1,0,0,0,1,1,emergency
87,37.7,129,89,163,86,7,3,7,0,1,0,1,0,0,3,2,1,emergency
71,37.6,66,88,97,75,5,1,3,0,0,0,1,0,0,1,3,0,emergency
62,37.6,69,99,160,56,0,10,8,0,0,0,0,0,0,1,3,1,low
75,36.7,111,86,111,74,0,6,4,0,1,1,1,0,0,4,3,0,emergency
57,37.0,67,86,130,53,0,9,7,0,0,0,1,0,0,0,1,0,emergency
83,36.2,90,97,105,110,9,3,9,0,0,0,0,0,0,4,2,1,high
58,38.3,100,92,123,75,2,10,10,1,1,1,0,0,0,0,0,1,medium
84,39.5,72,87,158,63,8,4,2,1,1,0,1,0,0,1,3,2,emergency
90,37.1,127,85,175,102,8,4,10,0,0,0,1,0,0,0,1,1,emergency
63,38.1,103,91,177,90,4,8,7,1,1,0,0,0,0,2,0,0,high
66,38.7,93,90,146,85,6,8,0,1,0,0,0,0,1,0,2,2,high
80,36.5,76,86,129,73,0,5,3,0,0,0,1,0,0,4,3,2,emergency
54,39.2,90,90,112,106,6,0,2,1,1,1,0,0,0,2,1,2,high
51,37.3,64,100,118,62,7,5,4,0,0,0,1,0,0,2,2,0,emergency
62,37.2,125,97,176,103,8,5,0,0,0,1,0,0,0,2,0,0,high
83,37.5,100,98,167,82,1,6,9,0,0,1,1,0,0,4,1,1,emergency
72,36.2,102,95,174,104,1,4,8,0,1,1,0,0,0,4,1,0,medium
71,38.3,108,90,168,86,4,6,8,1,0,1,0,0,0,4,2,1,high
73,37.5,87,100,111,92,1,4,8,0,1,0,0,0,0,2,1,0,low
54,36.1,91,100,168,104,1,7,6,0,0,1,0,0,0,0,0,1,low
59,36.6,126,99,96,85,3,1,7,0,0,1,0,0,0,4,2,1,medium
84,38.9,124,98,160,78,2,7,7,1,1,0,0,0,0,4,3,2,medium
60,37.0,69,94,120,67,5,5,8,0,0,0,0,0,0,1,1,0,low
71,37.4,129,99,143,53,3,6,6,0,0,1,0,0,0,2,3,1,medium
79,38.6,129,92,152,64,4,6,7,1,0,1,0,0,0,3,1,1,medium
53,39.4,128,85,140,87,9,10,0,1,0,1,1,0,0,0,2,1,emergency
65,36.7,101,95,138,67,6,4,1,0,1,0,0,0,0,2,1,2,medium
49,38.7,65,85,121,62,0,9,2,1,0,0,1,0,0,0,1,1,emergency
89,36.9,107,90,167,88,1,2,4,0,0,0,0,0,0,3,3,2,high
57,36.3,140,92,103,94,4,10,9,0,0,0,0,0,0,2,0,2,medium
86,37.2,113,100,103,77,5,10,7,0,0,1,0,0,0,2,3,1,low
72,38.9,135,93,131,104,3,1,4,1,1,0,0,0,0,3,2,0,medium
76,39.0,83,100,117,72,4,5,4,1,1,0,0,0,0,1,3,1,high
80,38.7,120,100,147,100,0,1,4,1,0,1,0,0,0,4,2,1,medium
80,37.9,114,95,135,94,7,4,4,0,1,0,0,0,0,0,1,0,medium
58,38.6,95,94,102,103,3,4,3,1,1,0,0,0,0,1,2,0,medium
48,37.9,76,100,103,105,0,9,4,0,1,1,0,0,0,0,2,1,low
52,38.9,111,100,99,86,10,10,0,1,0,0,0,0,1,1,0,2,high
71,38.1,139,92,156,74,7,7,4,1,1,1,0,0,0,0,1,2,medium
58,36.9,70,90,120,61,8,1,2,0,0,1,0,0,0,2,0,0,high
63,38.5,118,87,177,64,4,10,9,1,0,1,1,0,0,1,1,1,emergency
54,36.2,81,94,166,97,9,4,7,0,0,1,0,0,0,2,3,1,high
50,38.1,115,95,167,66,0,1,3,1,0,1,0,0,0,1,3,2,medium
86,37.5,95,90,164,77,10,7,1,0,1,1,0,0,0,0,1,1,high
71,38.4,96,97,160,52,7,1,5,1,1,1,0,0,0,0,3,1,medium
48,36.7,106,100,170,78,0,3,4,0,0,1,0,0,0,0,0,2,low
83,38.8,80,94,160,50,8,6,1,1,0,0,0,0,0,3,2,2,high
90,37.0,121,100,121,79,8,2,6,0,0,0,0,0,0,3,2,2,high
62,38.9,96,94,165,87,10,7,2,1,1,1,0,0,0,3,2,0,high
89,36.8,109,92,142,52,5,7,6,0,1,0,0,0,0,4,2,0,medium
73,36.3,118,85,108,76,10,2,1,0,1,1,1,0,0,3,0,1,emergency
88,39.0,108,95,170,95,7,8,0,1,0,0,0,0,0,0,3,0,high
85,38.5,72,99,111,94,4,0,0,1,1,0,0,0,0,1,1,2,medium
71,38.0,83,90,112,55,9,6,9,1,0,1,0,0,0,2,3,1,high
87,36.0,119,94,176,84,2,1,7,0,1,1,0,0,0,2,3,1,low
57,39.5,121,88,120,74,9,5,9,1,1,1,1,1,0,3,2,0,emergency
81,39.0,66,100,126,99,3,9,5,1,0,0,0,0,0,1,0,2,high
86,36.1,116,86,164,73,2,1,4,0,1,1,1,0,0,1,2,2,emergency
77,39.2,81,93,151,101,4,5,1,1,1,0,0,0,0,3,2,0,high
70,36.0,128,88,148,73,10,10,4,0,1,1,1,0,0,1,3,0,emergency
84,39.1,131,95,168,64,10,1,10,1,1,1,0,0,1,0,2,1,high
52,36.3,128,89,139,79,5,10,8,0,1,0,1,0,0,0,3,2,emergency
71,39.3,95,86,178,73,3,7,7,1,0,1,1,0,0,2,2,0,emergency
70,37.0,75,99,101,92,3,10,10,0,0,0,0,0,0,1,1,0,low
80,36.7,87,92,132,99,2,9,0,0,1,0,0,0,0,1,0,2,low
46,36.5,105,92,165,70,0,2,4,0,0,0,0,0,0,0,3,1,low
68,37.8,73,99,154,64,9,0,10,0,1,1,0,0,0,3,3,1,high
88,36.4,116,87,100,70,9,2,1,0,0,1,1,0,0,4,2,1,emergency
83,37.9,118,98,102,100,1,10,10,0,0,1,0,0,0,2,3,1,low
71,38.6,100,98,130,92,4,5,2,1,1,0,0,0,0,3,0,2,medium
68,38.8,131,86,165,85,8,5,10,1,0,1,1,0,0,3,0,1,emergency
83,37.1,73,91,109,92,7,3,1,0,1,1,0,0,0,1,3,2,high
84,38.1,131,85,167,109,10,4,0,1,0,1,1,0,0,2,2,0,emergency
56,39.0,132,97,98,59,10,0,1,1,0,1,0,0,0,2,0,0,high
54,36.6,139,86,176,55,4,7,10,0,1,1,1,0,0,3,2,0,emergency
77,36.4,115,88,126,93,10,9,7,0,1,0,1,0,0,4,0,0,emergency
58,37.1,87,89,122,68,5,1,0,0,1,1,1,0,0,3,1,2,emergency
80,38.9,105,87,140,105,0,6,0,1,1,0,1,0,0,4,3,2,emergency
70,38.5,113,94,104,75,0,5,2,1,1,1,0,0,0,1,3,2,medium
70,37.8,110,94,133,64,5,2,1,0,0,0,0,0,0,1,1,0,low
54,36.9,82,89,173,54,2,10,7,0,1,1,1,0,0,4,2,2,emergency
65,36.5,68,100,146,90,4,4,9,0,0,1,0,0,0,3,0,0,medium
68,38.9,69,87,168,88,8,6,7,1,0,1,1,0,0,1,2,2,emergency
75,37.8,67,99,103,101,5,1,8,0,0,0,0,0,0,3,1,1,medium
68,39.2,109,98,133,93,9,0,10,1,1,0,0,0,0,2,1,1,high
50,38.0,78,96,129,91,10,6,2,1,0,1,0,0,0,1,0,2,high
87,37.5,106,85,136,69,2,3,5,0,1,0,1,0,0,1,1,0,emergency
63,39.0,72,86,174,71,9,2,9,1,1,0,1,0,0,4,1,2,emergency
73,36.2,106,92,146,89,4,7,3,0,0,1,0,0,0,1,2,2,low
81,39.4,119,94,138,82,8,6,2,1,0,0,0,0,0,2,0,2,high
78,39.0,96,87,110,67,7,8,2,1,1,0,1,0,1,3,2,0,emergency
71,36.2,124,96,120,74,1,5,3,0,0,1,0,0,0,2,1,0,medium
47,37.0,120,89,180,80,7,9,0,0,0,0,1,0,0,1,3,0,emergency
63,36.8,75,86,120,76,10,9,7,0,0,0,1,0,0,3,0,2,emergency
77,38.0,78,94,144,50,9,5,3,1,1,0,0,0,0,0,0,1,high
75,36.2,109,96,122,97,0,5,1,0,1,0,0,0,0,4,2,0,medium
47,37.2,103,90,177,79,7,10,2,0,0,0,0,0,0,0,2,0,high
47,38.8,65,95,129,82,6,8,7,1,1,0,0,0,0,0,2,1,medium
52,38.8,115,97,146,107,6,5,2,1,1,1,0,0,1,0,3,0,high
72,38.1,83,94,131,56,1,5,10,1,1,1,0,0,0,1,3,1,medium
73,36.1,105,98,125,90,0,1,10,0,1,1,0,0,0,1,0,0,low
83,38.4,116,86,106,54,3,10,5,1,1,1,1,0,0,0,1,2,emergency
73,39.3,107,99,99,86,2,8,5,1,1,1,0,0,0,0,0,2,high
56,37.7,109,88,123,99,4,7,3,0,1,1,1,0,0,1,0,1,emergency
56,39.1,116,87,177,104,5,10,5,1,0,1,1,0,0,1,2,2,emergency
59,36.4,85,89,120,100,7,0,5,0,1,1,1,0,0,4,1,2,emergency
50,36.2,110,100,157,76,6,9,1,0,0,1,0,0,0,4,2,0,medium
80,38.2,83,89,145,82,0,1,8,1,0,1,1,0,0,2,1,1,emergency
78,39.1,70,93,115,90,8,4,2,1,1,0,0,0,0,1,1,2,high
84,38.5,137,95,162,52,0,1,0,1,1,0,0,0,0,0,3,2,medium
79,37.0,98,100,121,101,10,6,4,0,1,0,0,0,0,3,3,1,high
58,37.2,78,95,130,96,5,6,2,0,1,0,0,0,0,2,3,0,low
54,36.3,97,97,168,76,3,2,5,0,1,0,0,0,0,4,3,1,medium
64,37.7,71,97,154,79,3,3,9,0,1,0,0,0,0,3,2,2,medium
45,39.0,115,89,123,96,5,6,5,1,0,1,1,0,0,2,2,0,emergency
69,37.8,130,93,169,93,9,1,2,0,0,1,0,0,0,4,2,0,high
57,38.1,111,86,95,52,2,5,7,1,1,0,1,0,0,4,1,1,emergency
84,37.1,110,94,165,71,8,8,8,0,1,1,0,1,0,2,0,1,emergency
82,37.1,140,85,166,80,4,10,9,0,0,0,1,0,0,1,3,0,emergency
88,36.8,133,88,114,51,7,5,6,0,0,1,1,0,0,3,3,2,emergency
48,38.5,126,91,161,70,10,7,8,1,1,1,0,0,0,4,2,2,high
88,38.3,93,100,114,65,4,8,4,1,0,1,0,0,0,3,2,1,medium
67,38.0,95,94,105,86,10,8,6,1,1,1,0,0,1,2,0,1,high
73,38.3,121,91,115,102,8,4,8,1,1,0,0,0,1,0,1,2,high
59,36.2,112,95,150,56,10,2,0,0,0,1,0,0,0,3,3,2,high
57,38.6,96,95,126,91,0,1,10,1,0,0,0,0,0,1,0,1,medium
76,36.7,97,86,91,69,9,9,1,0,1,1,1,0,0,4,3,0,emergency
77,37.6,84,88,132,60,7,10,4,0,0,0,1,0,0,2,1,0,emergency
84,39.0,111,98,155,70,1,6,10,1,0,0,0,0,0,1,0,1,high
69,36.8,94,95,128,87,9,0,4,0,1,0,0,0,0,2,1,1,high
88,37.8,99,88,171,108,4,5,9,0,0,0,1,0,0,3,1,1,emergency
83,37.3,130,100,158,101,10,3,3,0,0,1,0,0,0,4,0,0,high
80,39.2,85,89,111,70,8,7,1,1,0,1,1,0,0,0,3,0,emergency
77,37.5,132,86,161,79,10,4,0,0,1,1,1,0,0,1,0,0,emergency
72,37.2,68,86,98,109,7,0,4,0,1,0,1,0,0,3,2,1,emergency
73,39.0,108,97,100,93,10,8,2,1,1,0,0,0,0,1,0,0,high
64,37.6,129,98,158,74,3,3,7,0,1,0,0,0,0,0,0,2,medium
71,38.2,62,92,116,54,1,9,0,1,1,0,0,0,0,3,1,2,medium
58,38.6,67,89,154,68,3,9,5,1,1,0,1,0,0,1,1,1,emergency
64,37.0,131,90,170,93,6,8,7,0,0,1,0,0,0,4,2,2,high
71,37.4,98,97,113,98,8,7,3,0,0,1,0,0,0,3,0,2,high
71,39.4,131,89,139,65,4,3,5,1,0,1,1,0,0,0,1,0,emergency
62,37.3,137,86,99,62,9,10,8,0,0,1,1,0,0,2,2,0,emergency
58,39.3,75,100,121,94,9,3,6,1,0,1,0,0,0,2,2,1,high
68,37.8,123,99,102,101,7,5,3,0,1,1,0,0,0,1,1,0,medium
61,37.9,134,98,127,59,3,5,3,0,1,0,0,0,0,2,2,1,medium
86,38.6,118,90,135,60,2,8,7,1,0,0,0,0,0,0,0,0,high
71,36.5,140,92,98,95,2,0,3,0,1,1,0,0,0,4,3,2,medium
76,36.1,128,98,91,51,8,4,8,0,1,0,0,0,0,3,1,0,high
51,37.8,90,91,169,83,4,5,4,0,1,0,0,0,0,4,1,2,high
59,37.0,70,86,101,75,6,6,8,0,1,0,1,0,0,1,0,1,emergency
72,38.3,102,88,157,108,0,3,3,1,1,1,1,0,0,0,2,2,emergency
81,38.3,82,95,92,63,9,2,6,1,0,1,0,0,0,3,2,1,high
53,38.8,70,96,96,56,6,3,1,1,1,1,0,0,0,3,3,0,medium
67,37.9,108,98,113,93,9,10,6,0,0,1,0,0,0,0,2,0,high
69,38.5,79,97,130,73,1,1,0,1,1,1,0,0,0,1,0,0,medium
72,37.6,131,98,103,51,1,5,8,0,0,1,0,1,0,3,3,0,emergency
80,39.2,91,90,177,74,2,2,4,1,1,1,0,0,0,3,2,1,high
64,37.7,69,96,122,110,3,10,7,0,0,1,0,0,0,3,2,2,medium
69,38.8,102,99,132,77,10,9,2,1,1,1,0,0,0,1,3,1,high
63,38.6,122,92,131,74,4,6,5,1,0,0,0,0,0,4,0,2,medium
74,39.3,86,99,127,103,1,6,10,1,1,0,0,0,0,1,3,1,high
49,37.6,136,100,164,75,8,8,6,0,0,1,0,0,0,4,0,0,high
60,38.3,105,90,172,89,0,9,10,1,1,1,0,0,0,0,0,1,high
59,37.8,126,92,147,73,6,7,10,0,0,1,0,0,0,2,3,0,medium
52,38.9,78,96,129,71,7,3,8,1,1,1,0,0,0,2,0,1,medium
47,38.8,74,85,133,91,1,10,2,1,0,0,1,0,0,2,3,1,emergency
59,38.8,140,90,113,90,10,6,6,1,0,0,0,0,1,1,1,1,high
90,38.8,68,88,158,61,5,5,3,1,1,0,1,0,0,4,2,2,emergency
69,38.1,135,88,134,72,7,9,2,1,1,0,1,0,0,1,2,0,emergency
56,37.3,78,97,143,88,2,9,6,0,1,0,0,0,0,1,1,1,low
63,36.5,100,99,169,53,5,0,7,0,0,0,0,0,0,4,3,1,medium
88,37.7,116,100,111,55,9,0,3,0,1,0,0,0,0,1,3,2,high
76,37.9,74,88,124,99,8,5,8,0,0,1,1,0,0,3,0,2,emergency
86,38.6,98,86,147,66,5,1,7,1,0,0,1,0,0,2,3,0,emergency
84,36.5,86,91,97,86,5,8,4,0,0,1,0,0,0,4,2,2,high
88,38.9,77,98,97,67,10,2,2,1,0,0,0,0,0,3,3,0,high
81,38.2,140,98,138,78,1,10,1,1,1,1,0,0,0,3,3,1,medium
82,36.0,71,99,171,92,5,1,8,0,1,0,0,0,0,3,2,1,medium
63,37.2,133,89,162,104,7,5,10,0,0,0,1,0,0,3,0,0,emergency
55,37.5,60,98,115,94,2,10,4,0,0,1,0,0,0,0,2,2,low
86,36.6,110,94,179,98,3,6,10,0,0,0,1,0,0,1,1,2,emergency
88,37.6,61,95,105,105,6,2,7,0,0,0,0,0,0,0,0,1,medium
68,39.1,77,97,107,91,10,2,1,1,0,0,0,0,0,1,3,2,high
88,37.5,87,87,102,58,1,9,6,0,1,1,1,0,0,1,1,1,emergency
86,36.3,130,94,178,51,10,4,3,0,0,1,0,0,0,1,3,1,high
52,36.8,136,87,157,106,0,5,5,0,0,1,1,0,0,4,3,1,emergency
